{"ks_qcd_hist": [0.8942280411720276, 1.57584098726511, 1.7739765346050262, 1.88032628595829, 1.8899728581309319, 1.9128042086958885, 1.9246159493923187, 1.9300450459122658, 1.987135849893093, 1.940316915512085, 1.908926099538803, 1.9127834737300873, 1.8476693630218506, 1.9007613435387611, 1.7374709993600845, 1.8991442322731018, 1.8985850811004639, 1.936182588338852], "ks_sig_hist": [0.34971189498901367, 0.7101519890129566, 1.1136293970048428, 1.200457539409399, 1.2154993005096912, 1.552962251007557, 1.4166268482804298, 1.5388258248567581, 1.7181717082858086, 1.5268873665481806, 1.7084899730980396, 1.6274905130267143, 1.6217865385115147, 1.6108802035450935, 1.315892219543457, 1.601194180548191, 1.7102843634784222, 1.8115399554371834], "ks_bib_hist": [0.8960600048303604, 1.5890447795391083, 1.7742577344179153, 1.883392222225666, 1.8940100893378258, 1.9038486927747726, 1.911197878420353, 1.9247116968035698, 1.9868926629424095, 1.9602820575237274, 1.9249492138624191, 1.9553028345108032, 1.8787283450365067, 1.8690317869186401, 1.7456158995628357, 1.8952762931585312, 1.8866559267044067, 1.9269804507493973], "adv_loss": [0.6911530494689941, 0.6826162338256836, 0.6753767132759094, 0.6707785129547119, 0.6677632331848145, 0.6656480431556702, 0.6640151739120483, 0.662757933139801, 0.661767840385437, 0.6609775424003601, 0.6603441834449768, 0.6598180532455444, 0.6593896746635437, 0.6591010093688965, 0.6588892936706543, 0.6587381362915039, 0.6585491299629211, 0.65831059217453], "adv_acc": [0.562207818031311, 0.6182731986045837, 0.6610811948776245, 0.6883103251457214, 0.7061610221862793, 0.718559205532074, 0.7280088067054749, 0.735206663608551, 0.7409248948097229, 0.7454835772514343, 0.7491657137870789, 0.7521540522575378, 0.7546424865722656, 0.7562588453292847, 0.7574619650840759, 0.7583117485046387, 0.7594639658927917, 0.7609235644340515], "val_adv_loss": [0.6907952427864075, 0.6823514699935913, 0.6752071976661682, 0.6706506609916687, 0.6676821708679199, 0.6655815243721008, 0.663971483707428, 0.6627188920974731, 0.661729097366333, 0.660956084728241, 0.6603225469589233, 0.6598010659217834, 0.6593788862228394, 0.6590912342071533, 0.6588873267173767, 0.6587249040603638, 0.6585378646850586, 0.6582961678504944], "val_adv_acc": [0.5640716552734375, 0.6196087598800659, 0.6619621515274048, 0.6889808177947998, 0.706573486328125, 0.7189040184020996, 0.7282156348228455, 0.7353906631469727, 0.7411231398582458, 0.7455798983573914, 0.7492690086364746, 0.7522357106208801, 0.754694938659668, 0.7562917470932007, 0.7574471235275269, 0.7583716511726379, 0.7595241665840149, 0.7609961628913879], "original_lossf": [0.19396153092384338, 0.14164188504219055, 0.12203770875930786, 0.112248994410038, 0.10630856454372406, 0.10233801603317261, 0.09965554624795914, 0.09706281870603561, 0.09496714174747467, 0.09290777146816254, 0.09124801307916641, 0.09002532064914703, 0.08941124379634857, 0.08901404589414597, 0.08892150223255157, 0.08859526365995407, 0.08855137974023819, 0.08852655440568924], "original_acc": [0.5683320760726929, 0.6213856935501099, 0.6631064414978027, 0.690170407295227, 0.7084848284721375, 0.7211807370185852, 0.7311239242553711, 0.7389956712722778, 0.7450718879699707, 0.7499018907546997, 0.7537260055541992, 0.7571962475776672, 0.7599232196807861, 0.7620850801467896, 0.7639912366867065, 0.7655209302902222, 0.7668561935424805, 0.7679402828216553], "val_original_lossf": [0.1939576268196106, 0.1416744589805603, 0.12205963581800461, 0.11224956065416336, 0.10631459951400757, 0.10234023630619049, 0.09965939819812775, 0.09706389158964157, 0.09496599435806274, 0.09291441738605499, 0.09125035256147385, 0.09002846479415894, 0.08941829204559326, 0.0890183374285698, 0.08892693370580673, 0.08859572559595108, 0.08855307102203369, 0.08852697163820267], "val_original_acc": [0.5684525370597839, 0.6214588284492493, 0.6631361246109009, 0.6901878118515015, 0.7084946036338806, 0.7211900949478149, 0.7311288118362427, 0.7390002012252808, 0.7450763583183289, 0.7499053478240967, 0.7537268400192261, 0.7571967244148254, 0.7599225640296936, 0.7620850205421448, 0.7639868259429932, 0.7655199766159058, 0.7668564915657043, 0.7679440975189209], "original_adv_lossf": [16.173498153686523, 31.683712005615234, 42.07059860229492, 48.48823547363281, 53.04356002807617, 56.57745361328125, 60.356964111328125, 64.09849548339844, 67.81773376464844, 71.54122924804688, 75.27592468261719, 79.10243225097656, 83.42668914794922, 88.60516357421875, 94.89288330078125, 100.3310775756836, 104.64291381835938, 104.99271392822266], "original_adv_acc": [16.407745361328125, 30.97850227355957, 39.791107177734375, 45.40184020996094, 49.290367126464844, 52.52701187133789, 56.0888786315918, 59.76567840576172, 63.35224151611328, 66.90375518798828, 70.58667755126953, 74.43775939941406, 79.0160140991211, 84.41615295410156, 90.30120086669922, 95.47854614257812, 99.02702331542969, 99.09595489501953], "val_original_adv_lossf": [16.21546173095703, 31.676485061645508, 42.06452941894531, 48.49073028564453, 53.040775299072266, 56.578304290771484, 60.35572052001953, 64.10017395019531, 67.8238525390625, 71.54271697998047, 75.27632141113281, 79.10411834716797, 83.42579650878906, 88.6087646484375, 94.89236450195312, 100.33975219726562, 104.64324951171875, 104.9921646118164], "val_original_adv_acc": [16.426984786987305, 30.97117042541504, 39.78602600097656, 45.40263366699219, 49.28818893432617, 52.5272216796875, 56.087867736816406, 59.76652526855469, 63.35588073730469, 66.90454864501953, 70.5868148803711, 74.43870544433594, 79.01534271240234, 84.41827392578125, 90.30078887939453, 95.48387145996094, 99.02721405029297, 99.09561920166016]}