{"ks_qcd_hist": [0.8211485147476196, 1.4909044951200485, 1.835859276354313, 1.952521651983261, 1.9620313197374344, 2.025742791593075, 2.063005454838276, 2.048827614635229, 2.0981516428291798, 1.7336998954415321, 1.685633096843958, 1.7925467118620872, 1.8432556688785553, 1.8907264173030853, 1.9615797251462936, 1.9301928728818893, 1.9889718629419804, 1.821614995598793, 1.7981016226112843, 1.46348524838686, 1.595064215362072, 1.6269947811961174, 1.7596940994262695, 1.7807960473001003], "ks_sig_hist": [0.8189567625522614, 1.4896987080574036, 1.8347481191158295, 1.9514759853482246, 1.9604684188961983, 2.0228738486766815, 2.062863603234291, 2.051472991704941, 2.09821480512619, 2.133299008011818, 2.149652324616909, 2.157519057393074, 2.099734514951706, 2.1103665083646774, 2.120959088206291, 2.1235696971416473, 2.111733891069889, 2.121995508670807, 2.1307633966207504, 2.1351330876350403, 2.119399882853031, 2.122466690838337, 2.123966261744499, 2.113849438726902], "ks_bib_hist": [0.3897315263748169, 0.9675119891762733, 1.5451017320156097, 1.6050523295998573, 1.661809355020523, 1.8413075357675552, 1.6052891984581947, 1.6039770394563675, 0.7380315065383911, 2.13381427526474, 2.1417778730392456, 2.1456680223345757, 2.1019939854741096, 2.106456995010376, 2.1183447018265724, 2.1229556873440742, 2.1140928864479065, 2.1198323890566826, 2.1267441362142563, 2.121087968349457, 2.109229229390621, 2.1074438765645027, 2.1158639788627625, 2.1016121804714203], "adv_loss": [0.6903145909309387, 0.6809968948364258, 0.6723090410232544, 0.6664205193519592, 0.6624154448509216, 0.6595067381858826, 0.647249162197113, 0.6467301249504089, 0.6463884115219116, 0.6440229415893555, 0.6421492695808411, 0.6408407688140869, 0.6329339742660522, 0.6330297589302063, 0.6329019069671631, 0.632899820804596, 0.6329343318939209, 0.632895827293396, 0.6334433555603027, 0.6330299377441406, 0.6329261660575867, 0.6327700614929199, 0.6327041983604431, 0.6326959133148193], "adv_acc": [0.5566074252128601, 0.607566237449646, 0.6538752913475037, 0.6848088502883911, 0.7056853175163269, 0.7208641171455383, 0.8025072813034058, 0.8047016859054565, 0.806587278842926, 0.8082742094993591, 0.8097729682922363, 0.8112248182296753, 0.8164687156677246, 0.8150817155838013, 0.8149290084838867, 0.8145787119865417, 0.8144036531448364, 0.8145455121994019, 0.818628191947937, 0.8195319175720215, 0.8201595544815063, 0.8208832144737244, 0.8212945461273193, 0.8215346932411194], "val_adv_loss": [0.6900272369384766, 0.6806968450546265, 0.672110915184021, 0.6662775874137878, 0.662317156791687, 0.6594281196594238, 0.6469864845275879, 0.6466294527053833, 0.6463060975074768, 0.6438933610916138, 0.6420519351959229, 0.640763521194458, 0.6324942111968994, 0.6328083872795105, 0.6327506303787231, 0.6327881813049316, 0.6328473091125488, 0.6328173875808716, 0.6331199407577515, 0.6328849792480469, 0.6328271627426147, 0.6327010989189148, 0.6326446533203125, 0.6326486468315125], "val_adv_acc": [0.5583987832069397, 0.6092305779457092, 0.6549695730209351, 0.6855925917625427, 0.7062211036682129, 0.721295177936554, 0.8032819032669067, 0.8049522638320923, 0.8068207502365112, 0.8085010647773743, 0.8099627494812012, 0.8113872408866882, 0.8169140815734863, 0.815353274345398, 0.8151394724845886, 0.8147256970405579, 0.8145067691802979, 0.8146617412567139, 0.8192318677902222, 0.8198179006576538, 0.820345401763916, 0.821000874042511, 0.8214215636253357, 0.8216230273246765], "original_lossf": [16.0991268157959, 19.37464714050293, 21.024538040161133, 21.147035598754883, 21.196216583251953, 21.320899963378906, 20.598424911499023, 22.36367416381836, 23.207841873168945, 33.52002716064453, 40.820858001708984, 45.65245056152344, 68.1307373046875, 67.4110107421875, 66.32828521728516, 65.34835815429688, 65.6416015625, 65.28950500488281, 63.94287872314453, 66.1041488647461, 67.36312866210938, 68.12821197509766, 68.68209075927734, 68.9488525390625], "original_acc": [0.5657450556755066, 0.6137886047363281, 0.6569965481758118, 0.6871388554573059, 0.7072360515594482, 0.7220014929771423, 0.8024401068687439, 0.803896427154541, 0.8041900396347046, 0.8067381381988525, 0.8088645339012146, 0.810292661190033, 0.8160245418548584, 0.8144035935401917, 0.8145480751991272, 0.8142533302307129, 0.8141381740570068, 0.8141128420829773, 0.817962110042572, 0.8192342519760132, 0.8201650381088257, 0.820428192615509, 0.8206328749656677, 0.8207888007164001], "val_original_lossf": [16.091819763183594, 19.363401412963867, 21.01448631286621, 21.139909744262695, 21.190214157104492, 21.316926956176758, 20.569698333740234, 22.34768295288086, 23.197246551513672, 33.52552795410156, 40.82643127441406, 45.656429290771484, 68.138671875, 67.41159057617188, 66.329833984375, 65.3492431640625, 65.6414794921875, 65.2913818359375, 63.91819763183594, 66.08702850341797, 67.35201263427734, 68.12066650390625, 68.67349243164062, 68.9423828125], "val_original_acc": [0.5659109354019165, 0.6138659715652466, 0.6570178866386414, 0.6871544122695923, 0.7072482705116272, 0.7220142483711243, 0.8025118112564087, 0.8039208650588989, 0.8042203783988953, 0.8067495226860046, 0.8088817000389099, 0.8103031516075134, 0.8160278797149658, 0.8144115209579468, 0.8145603537559509, 0.8142573237419128, 0.8141392469406128, 0.8141155242919922, 0.8180590271949768, 0.8192766308784485, 0.8201929926872253, 0.8204517364501953, 0.8206537961959839, 0.8208026885986328], "original_adv_lossf": [-6.870786190032959, -6.777523040771484, -6.691360950469971, -6.627878665924072, -6.584928512573242, -6.553891181945801, -6.469512462615967, -6.468329429626465, -6.46506929397583, -6.440639972686768, -6.421266555786133, -6.407049655914307, -6.278815746307373, -6.279980659484863, -6.279940605163574, -6.281166076660156, -6.281320571899414, -6.281065464019775, -6.403992652893066, -6.402465343475342, -6.4004902839660645, -6.399688243865967, -6.399545192718506, -6.399874687194824], "original_adv_acc": [0.3970467746257782, 0.42278698086738586, 0.4266621172428131, 0.42953523993492126, 0.4317055642604828, 0.43396246433258057, 0.44169655442237854, 0.4392632842063904, 0.4362400472164154, 0.3749770522117615, 0.3330404758453369, 0.3044808506965637, 0.16354557871818542, 0.16439588367938995, 0.16542376577854156, 0.16441646218299866, 0.16454608738422394, 0.16415740549564362, 0.1584673821926117, 0.1561763435602188, 0.1543777883052826, 0.15302668511867523, 0.15231186151504517, 0.15131595730781555], "val_original_adv_lossf": [-6.8703155517578125, -6.777263641357422, -6.691254138946533, -6.627803325653076, -6.584884166717529, -6.553849220275879, -6.469207286834717, -6.468226432800293, -6.464962959289551, -6.440626621246338, -6.421174049377441, -6.407009124755859, -6.279158592224121, -6.280159950256348, -6.280053615570068, -6.281255722045898, -6.281395435333252, -6.281128883361816, -6.403158187866211, -6.402048110961914, -6.400216579437256, -6.399484157562256, -6.399386882781982, -6.39974308013916], "val_original_adv_acc": [0.39715641736984253, 0.42282211780548096, 0.4266699254512787, 0.4295402765274048, 0.4317069947719574, 0.4339649975299835, 0.4417882561683655, 0.4393051564693451, 0.436269074678421, 0.3749202489852905, 0.333000123500824, 0.3044578731060028, 0.1635650247335434, 0.16440512239933014, 0.16542600095272064, 0.16441576182842255, 0.16454549133777618, 0.16415344178676605, 0.15850313007831573, 0.1561955064535141, 0.1543876826763153, 0.15303447842597961, 0.1523246467113495, 0.15132325887680054]}